{
  "hash": "cbedf6d8",
  "configHash": "f1e46ffb",
  "lockfileHash": "07f9f594",
  "browserHash": "48e12784",
  "optimized": {
    "@angular/cdk/bidi": {
      "src": "../../../../../../node_modules/@angular/cdk/fesm2022/bidi.mjs",
      "file": "@angular_cdk_bidi.js",
      "fileHash": "8af40e66",
      "needsInterop": false
    },
    "@angular/common/http": {
      "src": "../../../../../../node_modules/@angular/common/fesm2022/http.mjs",
      "file": "@angular_common_http.js",
      "fileHash": "9b2de908",
      "needsInterop": false
    },
    "@angular/core": {
      "src": "../../../../../../node_modules/@angular/core/fesm2022/core.mjs",
      "file": "@angular_core.js",
      "fileHash": "e862c266",
      "needsInterop": false
    },
    "@angular/material/button": {
      "src": "../../../../../../node_modules/@angular/material/fesm2022/button.mjs",
      "file": "@angular_material_button.js",
      "fileHash": "00d03420",
      "needsInterop": false
    },
    "@angular/material/card": {
      "src": "../../../../../../node_modules/@angular/material/fesm2022/card.mjs",
      "file": "@angular_material_card.js",
      "fileHash": "fa5d9013",
      "needsInterop": false
    },
    "@angular/material/grid-list": {
      "src": "../../../../../../node_modules/@angular/material/fesm2022/grid-list.mjs",
      "file": "@angular_material_grid-list.js",
      "fileHash": "d413af94",
      "needsInterop": false
    },
    "@angular/material/paginator": {
      "src": "../../../../../../node_modules/@angular/material/fesm2022/paginator.mjs",
      "file": "@angular_material_paginator.js",
      "fileHash": "18a489f1",
      "needsInterop": false
    },
    "@angular/platform-browser": {
      "src": "../../../../../../node_modules/@angular/platform-browser/fesm2022/platform-browser.mjs",
      "file": "@angular_platform-browser.js",
      "fileHash": "288d0720",
      "needsInterop": false
    },
    "@angular/router": {
      "src": "../../../../../../node_modules/@angular/router/fesm2022/router.mjs",
      "file": "@angular_router.js",
      "fileHash": "eae64098",
      "needsInterop": false
    }
  },
  "chunks": {
    "chunk-DNXLQ2BJ": {
      "file": "chunk-DNXLQ2BJ.js"
    },
    "chunk-DZBF2YG3": {
      "file": "chunk-DZBF2YG3.js"
    },
    "chunk-DT6KAGKG": {
      "file": "chunk-DT6KAGKG.js"
    },
    "chunk-4SYMMHNP": {
      "file": "chunk-4SYMMHNP.js"
    },
    "chunk-SXCLKDGY": {
      "file": "chunk-SXCLKDGY.js"
    },
    "chunk-ELDEPK47": {
      "file": "chunk-ELDEPK47.js"
    },
    "chunk-CNE7NCEK": {
      "file": "chunk-CNE7NCEK.js"
    },
    "chunk-XNNOGCX7": {
      "file": "chunk-XNNOGCX7.js"
    },
    "chunk-63L64OFU": {
      "file": "chunk-63L64OFU.js"
    }
  }
}